{
  "results": [
    {
      "command": "SHELDON_ROOT=/Users/ross/Workspace/repos/rossmacarthur/sheldon-benches/root SHELDON_CONFIG_DIR=/Users/ross/Workspace/repos/rossmacarthur/sheldon-benches/root SHELDON_DATA_DIR=/Users/ross/Workspace/repos/rossmacarthur/sheldon-benches/root target/rust-1.45.2/sheldon-0.6.0/release/sheldon source",
      "mean": 0.009404773108617882,
      "stddev": 0.0002924114877932557,
      "median": 0.00938274382,
      "user": 0.005908908130081297,
      "system": 0.0024971644308943077,
      "min": 0.008811275319999999,
      "max": 0.012121448319999999,
      "times": [
        0.01031828832,
        0.009803631319999999,
        0.009470512319999999,
        0.00944463932,
        0.009559973320000002,
        0.009362953319999999,
        0.009539224320000001,
        0.009371826319999998,
        0.00946044032,
        0.009510964319999999,
        0.00910291732,
        0.00926446932,
        0.009282163320000002,
        0.009319056320000001,
        0.00942075232,
        0.009397302319999998,
        0.00943683332,
        0.009301727320000001,
        0.009342607320000001,
        0.009333061319999999,
        0.00962185832,
        0.009459328320000002,
        0.009400804320000001,
        0.00934381532,
        0.00962819732,
        0.00940731132,
        0.00937202232,
        0.00959282032,
        0.009469676319999999,
        0.00950104832,
        0.00969102032,
        0.009432943320000001,
        0.00959165632,
        0.00957837432,
        0.009514624320000001,
        0.010271017319999999,
        0.01015276432,
        0.00980294332,
        0.00972366932,
        0.00948340932,
        0.009366515320000001,
        0.009277173320000002,
        0.00930183632,
        0.009275748319999999,
        0.010231491320000001,
        0.00960660432,
        0.009625782320000002,
        0.00934731732,
        0.009416584320000001,
        0.00962003632,
        0.00947130832,
        0.009586523320000002,
        0.009608222320000002,
        0.00933479232,
        0.00943441732,
        0.009669872320000002,
        0.009426978320000001,
        0.009382412319999998,
        0.009953784319999999,
        0.009515225320000001,
        0.00950163032,
        0.009410755319999999,
        0.00938562732,
        0.00952722932,
        0.00968901032,
        0.00955008932,
        0.009593241320000001,
        0.00933071232,
        0.00926518132,
        0.00912028732,
        0.009072080319999998,
        0.00932027232,
        0.00964219832,
        0.009589857319999999,
        0.00947511832,
        0.009714094320000002,
        0.009626124319999999,
        0.009611859319999999,
        0.00963300132,
        0.00958525532,
        0.00953697732,
        0.009446389320000002,
        0.009468918319999999,
        0.009487599320000002,
        0.009539468320000001,
        0.00932713432,
        0.00932195132,
        0.00922387732,
        0.00908640132,
        0.00932783332,
        0.009441083320000002,
        0.009248275319999999,
        0.009414784320000001,
        0.009403531320000002,
        0.00941047732,
        0.00940737132,
        0.00946705732,
        0.009217654320000001,
        0.00926222232,
        0.009139714319999999,
        0.009158119320000001,
        0.00911180532,
        0.00954351732,
        0.009353930319999999,
        0.009099407319999999,
        0.00920503232,
        0.009163491320000001,
        0.00914288332,
        0.009560316320000001,
        0.009361048319999999,
        0.00919026732,
        0.00928041332,
        0.00916972332,
        0.00911881132,
        0.009472247320000002,
        0.009306815320000002,
        0.009093939320000001,
        0.009189837320000002,
        0.00936242432,
        0.009294601320000002,
        0.009410697320000001,
        0.009485205319999999,
        0.009314354319999999,
        0.00941040832,
        0.009566187319999999,
        0.00945759832,
        0.00942852432,
        0.00922451132,
        0.00906464932,
        0.009097748320000001,
        0.00919291332,
        0.009235870319999999,
        0.00928090732,
        0.00910850132,
        0.00940089232,
        0.00939172932,
        0.00932965932,
        0.009612769319999999,
        0.00957840632,
        0.00950995532,
        0.009554034320000002,
        0.00928932332,
        0.00931833932,
        0.00907624932,
        0.00918238532,
        0.009221417320000001,
        0.009100291319999999,
        0.00909402732,
        0.009237373319999999,
        0.009238072319999999,
        0.009391688320000001,
        0.009515058319999999,
        0.00938622032,
        0.00942859032,
        0.00919360532,
        0.00915702232,
        0.00921944132,
        0.00935676832,
        0.009134495320000002,
        0.009217679320000002,
        0.00912271332,
        0.009347635319999999,
        0.009330663320000002,
        0.009396577319999998,
        0.009543922319999999,
        0.00958659332,
        0.00943787632,
        0.009574941319999999,
        0.00946816932,
        0.009398034320000002,
        0.009424913319999999,
        0.009355534320000001,
        0.009554964320000001,
        0.009508987319999999,
        0.009637217319999999,
        0.00932290832,
        0.00930282532,
        0.00906905732,
        0.009101971319999999,
        0.00909181732,
        0.009329108320000001,
        0.00942512832,
        0.00923837932,
        0.00922983732,
        0.009288307320000001,
        0.00914679832,
        0.009312871319999999,
        0.00947677832,
        0.00913787932,
        0.009053570319999999,
        0.00922330332,
        0.009145416319999999,
        0.00932021932,
        0.00937027432,
        0.00920763032,
        0.009139261320000001,
        0.009518941320000002,
        0.009344629319999999,
        0.009433825319999999,
        0.009487538319999999,
        0.00926256332,
        0.009334698320000001,
        0.00928995832,
        0.009337781319999999,
        0.009225489319999999,
        0.00960862732,
        0.009393175319999999,
        0.00923290332,
        0.00939071532,
        0.00934233332,
        0.00970446832,
        0.00944697832,
        0.00929183032,
        0.009180985320000001,
        0.00938307532,
        0.00949725232,
        0.009297278320000001,
        0.009166365320000001,
        0.009072569320000001,
        0.009095018319999999,
        0.00923602532,
        0.009221765319999999,
        0.009787028320000002,
        0.00939822932,
        0.009470633320000001,
        0.00903719032,
        0.009256752319999999,
        0.009276785320000001,
        0.009133887319999999,
        0.00934412632,
        0.009871406320000001,
        0.010252225319999999,
        0.010504693320000001,
        0.009910230320000001,
        0.00976889732,
        0.00955276032,
        0.00948499232,
        0.012121448319999999,
        0.009628380320000001,
        0.009172475320000002,
        0.00938662932,
        0.00891427232,
        0.008811275319999999,
        0.009028011320000001,
        0.00898153732,
        0.00911161832
      ]
    }
  ]
}
