{
  "results": [
    {
      "command": "SHELDON_ROOT=/Users/ross/Workspace/repos/rossmacarthur/sheldon-benches/root SHELDON_CONFIG_DIR=/Users/ross/Workspace/repos/rossmacarthur/sheldon-benches/root SHELDON_DATA_DIR=/Users/ross/Workspace/repos/rossmacarthur/sheldon-benches/root target/rust-1.48.0/sheldon-0.5.3/release/sheldon source",
      "mean": 0.009639701277804882,
      "stddev": 0.0007229364802796131,
      "median": 0.009516959290000002,
      "user": 0.005828423658536588,
      "system": 0.0027724544715447127,
      "min": 0.008842634790000001,
      "max": 0.01811268179,
      "times": [
        0.009876074790000001,
        0.010118735790000001,
        0.009586918790000001,
        0.009696915790000002,
        0.00968585379,
        0.009456354790000001,
        0.00968768379,
        0.00983762879,
        0.009658207790000001,
        0.009490968790000002,
        0.009356474790000001,
        0.009753642790000001,
        0.009647364790000001,
        0.010205954790000001,
        0.01001645079,
        0.009569213790000001,
        0.00964914979,
        0.00948271579,
        0.010040884790000001,
        0.009552349790000001,
        0.009737096790000002,
        0.00964776879,
        0.009289736790000001,
        0.00929697179,
        0.010488821790000002,
        0.01015133579,
        0.009726808790000001,
        0.00950674079,
        0.009667699790000001,
        0.009571784790000001,
        0.00978867779,
        0.009890566790000001,
        0.00965021079,
        0.00952820679,
        0.00915277379,
        0.009349039790000001,
        0.009728331790000001,
        0.00963909079,
        0.009464884790000001,
        0.00931200979,
        0.00913375379,
        0.009595032790000001,
        0.009887184790000001,
        0.009618965790000001,
        0.009476780790000002,
        0.00933139879,
        0.00921727479,
        0.00896878979,
        0.009722473790000002,
        0.00979146879,
        0.009567485790000002,
        0.01033943279,
        0.012265447790000002,
        0.01091272979,
        0.011419222790000001,
        0.011194681790000001,
        0.01091224879,
        0.011240320790000001,
        0.010989920790000001,
        0.010157243790000001,
        0.01008279079,
        0.01006629279,
        0.010439456790000001,
        0.01811268179,
        0.012493911790000001,
        0.01089398679,
        0.010330798790000002,
        0.00981535579,
        0.009580765790000001,
        0.009512381790000001,
        0.010063133790000001,
        0.00979450379,
        0.009479306790000001,
        0.009280422790000001,
        0.00911339079,
        0.00928050979,
        0.01041125579,
        0.010372696790000002,
        0.01004012079,
        0.00987179279,
        0.009610705790000002,
        0.00934166479,
        0.009635526790000001,
        0.009787923790000002,
        0.009914529790000001,
        0.009905871790000001,
        0.00935590879,
        0.009162386790000001,
        0.009713961790000001,
        0.00964983879,
        0.00926178979,
        0.00928638879,
        0.009116124790000001,
        0.00932117279,
        0.009507273790000001,
        0.00977281879,
        0.009648155790000001,
        0.009389562790000002,
        0.00925768979,
        0.00925500379,
        0.01000691079,
        0.009558412790000002,
        0.009403890790000001,
        0.009885234790000001,
        0.009600413790000002,
        0.009438059790000002,
        0.00962565079,
        0.009787166790000001,
        0.00942999679,
        0.00926477979,
        0.00922617979,
        0.009053283790000002,
        0.00975854779,
        0.009480337790000001,
        0.009334449790000001,
        0.009389734790000001,
        0.009245193790000002,
        0.00888918879,
        0.009591199790000001,
        0.00953662379,
        0.00927959679,
        0.00939462779,
        0.009196390790000002,
        0.009401260790000001,
        0.009879518790000002,
        0.00958760479,
        0.00949319279,
        0.009467718790000001,
        0.009514137790000002,
        0.009124577790000001,
        0.009814091790000002,
        0.00979741779,
        0.009658576790000001,
        0.009400288790000001,
        0.009273546790000002,
        0.009466123790000001,
        0.009367409790000001,
        0.009833592790000002,
        0.009473598790000001,
        0.00924228279,
        0.009122142790000001,
        0.009154188790000002,
        0.009545882790000002,
        0.009588387790000001,
        0.009392500790000001,
        0.009369752790000001,
        0.009466654790000001,
        0.00914259079,
        0.009727588790000002,
        0.00934087779,
        0.00926018879,
        0.00951119379,
        0.009109258790000001,
        0.00909494379,
        0.009677737790000002,
        0.009498773790000001,
        0.00943368179,
        0.00929610779,
        0.00973651579,
        0.009512046790000001,
        0.009738233790000002,
        0.00995612979,
        0.010223526790000001,
        0.00989079879,
        0.009653111790000002,
        0.009556514790000002,
        0.009661057790000002,
        0.00965626479,
        0.00955035379,
        0.009302509790000002,
        0.009404724790000001,
        0.00924230579,
        0.009664753790000001,
        0.009625422790000001,
        0.009222914790000002,
        0.00912205179,
        0.009167260790000001,
        0.009034096790000001,
        0.009205372790000001,
        0.009508859790000001,
        0.009513864790000002,
        0.00937607979,
        0.00926381379,
        0.009232831790000002,
        0.00972995079,
        0.010479814790000002,
        0.009990169790000001,
        0.009800621790000002,
        0.00971513279,
        0.009448675790000001,
        0.00979012779,
        0.009998886790000001,
        0.009466344790000001,
        0.009187601790000001,
        0.009055037790000001,
        0.008936595790000001,
        0.009579162790000002,
        0.00949135679,
        0.009329926790000002,
        0.009266774790000001,
        0.00917931479,
        0.008971962790000001,
        0.009686716790000001,
        0.009624176790000001,
        0.00926824679,
        0.009233408790000001,
        0.00911285979,
        0.009030170790000002,
        0.009873102790000001,
        0.00977488179,
        0.00934310179,
        0.009320293790000002,
        0.00922416279,
        0.01007944979,
        0.010177231790000001,
        0.00971624779,
        0.00949659979,
        0.009201439790000002,
        0.009065253790000002,
        0.00931437279,
        0.00979622079,
        0.00947680979,
        0.009474425790000001,
        0.009484114790000001,
        0.00923294879,
        0.009095241790000002,
        0.009570927790000001,
        0.009625352790000001,
        0.009282828790000001,
        0.00919378979,
        0.009048527790000002,
        0.009201634790000001,
        0.009919014790000001,
        0.009774902790000001,
        0.00939256079,
        0.009243658790000001,
        0.009175061790000001,
        0.008842634790000001,
        0.00945573279,
        0.00944790979,
        0.009711080790000002,
        0.009635154790000001,
        0.009397604790000002,
        0.00919971479,
        0.009655195790000001,
        0.009519780790000001
      ]
    }
  ]
}
