{
  "results": [
    {
      "command": "SHELDON_ROOT=/Users/ross/Workspace/repos/rossmacarthur/sheldon-benches/root SHELDON_CONFIG_DIR=/Users/ross/Workspace/repos/rossmacarthur/sheldon-benches/root SHELDON_DATA_DIR=/Users/ross/Workspace/repos/rossmacarthur/sheldon-benches/root target/rust-1.47.0/sheldon-0.5.4/release/sheldon source",
      "mean": 0.01319226428812501,
      "stddev": 0.0014167746892682093,
      "median": 0.012748710585000001,
      "user": 0.00791107645833333,
      "system": 0.004274180625000001,
      "min": 0.011919200085000001,
      "max": 0.022239755085,
      "times": [
        0.012563344085000002,
        0.012402878085000003,
        0.012325811085000003,
        0.012540292085000002,
        0.012160365085000001,
        0.012331801085000002,
        0.012412473085000002,
        0.012608070085000003,
        0.012433625085000002,
        0.012379250085000001,
        0.012749048085,
        0.012806025085,
        0.012436426085000002,
        0.012632642085000001,
        0.012700604085000003,
        0.012759878085,
        0.012399490085000003,
        0.012317721085000002,
        0.012146777085000003,
        0.012048449085000001,
        0.012578609085000003,
        0.012513815085000001,
        0.012533701085000001,
        0.012475684085000003,
        0.012477831085000002,
        0.012610921085000002,
        0.012417080085000002,
        0.012401907085000002,
        0.012644156085000002,
        0.012409309085000002,
        0.012708199085000002,
        0.012881000085000002,
        0.013030813085,
        0.012491788085000002,
        0.012721944085,
        0.012636089085000001,
        0.012518516085000002,
        0.012231043085000002,
        0.012337317085000002,
        0.012544200085000002,
        0.012405797085000001,
        0.012585574085000002,
        0.012288631085000001,
        0.012618404085000002,
        0.012586689085000002,
        0.012368710085000002,
        0.012262796085000001,
        0.012184222085000002,
        0.012074375085000002,
        0.012456869085000002,
        0.012528761085000001,
        0.012429692085000003,
        0.012662436085000001,
        0.012348241085000001,
        0.012334645085000002,
        0.012068117085000002,
        0.012370234085000003,
        0.012177013085000002,
        0.012924859085000002,
        0.012496432085000002,
        0.012945784085000004,
        0.012863686085000001,
        0.012986647085000002,
        0.013366720085,
        0.012792970085000003,
        0.013128371085000002,
        0.013899096085000002,
        0.013451023085000001,
        0.013461966085,
        0.012816758085000003,
        0.013294534085000002,
        0.013326829085000004,
        0.013023371085,
        0.012928171085,
        0.012771376085000003,
        0.012366838085000002,
        0.012837259085000002,
        0.013352186085,
        0.013030462085000001,
        0.012654789085000001,
        0.012300054085000001,
        0.012620491085000001,
        0.012105202085000002,
        0.012020455085000001,
        0.011949607085000003,
        0.012282845085000002,
        0.012204544085000001,
        0.012386369085000001,
        0.012459155085000001,
        0.012479874085000002,
        0.012744626085,
        0.012454869085000002,
        0.013174118085,
        0.013386358085000003,
        0.012842959085000003,
        0.013172484085000003,
        0.013151638085000002,
        0.013215767085000002,
        0.012802525085,
        0.012222426085000002,
        0.012710107085000004,
        0.012421686085000001,
        0.012596617085000003,
        0.013113317085000001,
        0.012456980085000001,
        0.012900304085000003,
        0.012669574085000001,
        0.012532809085000002,
        0.012290256085000001,
        0.012508740085000003,
        0.012251528085000001,
        0.012363793085000001,
        0.012577268085000003,
        0.012624183085000002,
        0.012484180085000003,
        0.012504431085000002,
        0.012537548085000003,
        0.012616580085000002,
        0.012938713085000003,
        0.012689875085000002,
        0.012748373085000002,
        0.013501728085000003,
        0.014700553085000003,
        0.014625433085000002,
        0.013899482085000003,
        0.014373902085000003,
        0.015341990085000002,
        0.015180503085000003,
        0.013966638085000002,
        0.014115675085000003,
        0.016158721085,
        0.015409665085000001,
        0.019046991085,
        0.017511627085000002,
        0.014746140085000003,
        0.013679660085000002,
        0.013893473085000002,
        0.014330831085,
        0.014308383085000003,
        0.013620694085000001,
        0.016562475085,
        0.014474661085000002,
        0.014885996085000004,
        0.014849689085000001,
        0.013403919085000002,
        0.013859797085000002,
        0.013964324085000002,
        0.013402203085000003,
        0.014102208085000003,
        0.014173534085000003,
        0.013217832085,
        0.012800042085000003,
        0.012507298085000002,
        0.012799876085000004,
        0.015078707085000002,
        0.013337842085000001,
        0.013278013085000004,
        0.013129217085,
        0.013122444085000002,
        0.012430797085000002,
        0.012437477085000002,
        0.012779085085000001,
        0.012533610085000002,
        0.012838835085000002,
        0.012944383085000002,
        0.012495523085000002,
        0.013656722085000001,
        0.013170587085000003,
        0.013227157085000002,
        0.014700131085000004,
        0.022148976085,
        0.022239755085,
        0.016237765085,
        0.018165648085,
        0.015147396085000002,
        0.012070462085000002,
        0.012362453085000003,
        0.012816162085,
        0.011919200085000001,
        0.012548210085000002,
        0.012858729085000001,
        0.013694538085000001,
        0.014326046085000004,
        0.013266275085000003,
        0.014541550085000002,
        0.013779096085000003,
        0.013521382085000004,
        0.013829342085000003,
        0.013303276085000001,
        0.013379872085000003,
        0.012838545085000002,
        0.013040124085000002
      ]
    }
  ]
}
