{
  "results": [
    {
      "command": "SHELDON_ROOT=/Users/ross/Workspace/repos/rossmacarthur/sheldon-benches/root SHELDON_CONFIG_DIR=/Users/ross/Workspace/repos/rossmacarthur/sheldon-benches/root SHELDON_DATA_DIR=/Users/ross/Workspace/repos/rossmacarthur/sheldon-benches/root target/rust-1.46.0/sheldon-0.5.3/release/sheldon source",
      "mean": 0.009598907683906255,
      "stddev": 0.000336999865496408,
      "median": 0.009577864804999999,
      "user": 0.005806225937500004,
      "system": 0.00275775515625,
      "min": 0.008895113305,
      "max": 0.010769604305,
      "times": [
        0.009535587304999999,
        0.009945283305,
        0.009847916305,
        0.009396370304999999,
        0.009231956305,
        0.009465687305000001,
        0.009948303305,
        0.009755954304999998,
        0.009344855305,
        0.009273034305,
        0.009360556305,
        0.009203993304999998,
        0.009820700304999999,
        0.009521663305,
        0.009710173305,
        0.010205727304999999,
        0.009655504305,
        0.009363263305000001,
        0.009610286305,
        0.009766293305,
        0.009704593304999998,
        0.009825298305,
        0.010236286304999998,
        0.010372142304999998,
        0.010657497305,
        0.010088511304999999,
        0.009884252305,
        0.009584454305,
        0.009417703305,
        0.009357154305,
        0.009747641304999999,
        0.009708930304999999,
        0.009808647305000001,
        0.009128785305000001,
        0.009324400305000001,
        0.009277953305,
        0.009741707305,
        0.009630451305,
        0.009895425305,
        0.009675046305,
        0.009733996305,
        0.009672388304999998,
        0.010215861305,
        0.010500274305000001,
        0.009843848305,
        0.009777956304999998,
        0.009562092304999999,
        0.009225117304999999,
        0.010011377305,
        0.009786241304999999,
        0.009518333305000001,
        0.009277624305,
        0.009270484305,
        0.009367433304999999,
        0.009958852304999998,
        0.009556924304999999,
        0.009904005305000001,
        0.009466141304999998,
        0.009239989304999998,
        0.009407498305000001,
        0.009722647304999998,
        0.009664979304999998,
        0.009464355304999998,
        0.009629405304999998,
        0.009325429305,
        0.009226857304999999,
        0.009739400305,
        0.009891544305,
        0.009405675305,
        0.009936107305,
        0.009897084305000001,
        0.009577968305,
        0.010059565305,
        0.010110849304999999,
        0.009581276305,
        0.009400112305,
        0.009229369304999999,
        0.009122755305,
        0.009585825305,
        0.009585622305,
        0.009902062305,
        0.009723604305000001,
        0.009383527305,
        0.009655147305,
        0.009968882305,
        0.009883408305,
        0.009578832305,
        0.009313548304999999,
        0.009359140305,
        0.009241300304999998,
        0.009513943305000001,
        0.009499617305,
        0.009344785304999999,
        0.009383165305,
        0.009905018304999999,
        0.010177811305,
        0.010637835305,
        0.010333326305000001,
        0.010037747305,
        0.009443357305,
        0.009206253304999999,
        0.009311753305,
        0.009729720304999998,
        0.009631239305,
        0.009512896305,
        0.009110841304999999,
        0.009263540304999998,
        0.009704632304999999,
        0.010038232304999999,
        0.009669966305,
        0.009394124305000001,
        0.009593519305,
        0.009339150304999998,
        0.009206726305,
        0.009748997305,
        0.009834718305,
        0.009436940304999999,
        0.009187308305,
        0.009197718304999998,
        0.008974951305,
        0.009821483305,
        0.009562600304999998,
        0.009412229304999999,
        0.009248304305,
        0.009617901304999999,
        0.009745782304999999,
        0.009843920305,
        0.009739216305,
        0.010065597305,
        0.009300752305,
        0.009312394304999999,
        0.009043380305000001,
        0.009620801305,
        0.010270860305,
        0.010021072305,
        0.010150908305000001,
        0.010443042305,
        0.010769604305,
        0.010481048305,
        0.010160610305000001,
        0.009841013305,
        0.009450414304999998,
        0.009456142304999998,
        0.009066227305,
        0.009752877305000001,
        0.009264436304999998,
        0.009511040305,
        0.009836694305000001,
        0.009786247304999999,
        0.009639945305000001,
        0.009592128305,
        0.009964631304999999,
        0.009956262305000001,
        0.009833589305000001,
        0.009565854305,
        0.009197617305,
        0.009620553305000001,
        0.009590337304999998,
        0.010153860304999998,
        0.009820265304999999,
        0.009325520305000001,
        0.009402172305000001,
        0.009872218305,
        0.009678390305,
        0.010263218304999999,
        0.009669111304999999,
        0.009335072305,
        0.009230613305,
        0.009747663305000001,
        0.009737636304999998,
        0.009600050305,
        0.009270602305,
        0.009345638305,
        0.009106893304999999,
        0.009586532305,
        0.009512493305000001,
        0.009577761304999998,
        0.009363191305,
        0.009267574304999998,
        0.009977192305,
        0.010245013304999998,
        0.009887675305,
        0.009536692305,
        0.009453153305,
        0.009690774305,
        0.009639004305,
        0.010127777304999998,
        0.009899973305,
        0.009491601305,
        0.009413098305,
        0.009045269304999999,
        0.009561679305000001,
        0.009896740304999999,
        0.009528373305,
        0.009638336304999998,
        0.009202993305,
        0.009344928305,
        0.009037750304999998,
        0.009725610305,
        0.009490199304999999,
        0.009390359304999998,
        0.009194879305,
        0.009037432304999999,
        0.008976874305,
        0.009593985305,
        0.009376012305,
        0.009876957305,
        0.010113112305000001,
        0.009557966304999999,
        0.009324606305,
        0.009252441305000001,
        0.009431673304999999,
        0.009746636305,
        0.009812238304999998,
        0.009430816304999999,
        0.009211573304999998,
        0.009919562305,
        0.009507170305,
        0.009448439305,
        0.009151052305,
        0.009450236304999998,
        0.009320928305,
        0.009870683304999999,
        0.009545759304999998,
        0.009475022305,
        0.009468446305,
        0.009304178305,
        0.008895113305,
        0.009693888304999999,
        0.009908095305,
        0.009585319305,
        0.009256353305,
        0.009206947305000001,
        0.009162802304999999,
        0.009940732304999998,
        0.009975961305,
        0.009493727305000001,
        0.009387706305,
        0.009170414305,
        0.009142929304999999,
        0.009621335305,
        0.009686098304999998,
        0.009508732305,
        0.009323987305,
        0.009137520305,
        0.009094719304999999,
        0.009727334304999998,
        0.009426697304999999,
        0.009487265305,
        0.009329920305,
        0.009153031305,
        0.009102522305,
        0.009520919305,
        0.009713861304999998,
        0.009533497305,
        0.009223511305000001
      ]
    }
  ]
}
