{
  "results": [
    {
      "command": "SHELDON_ROOT=/Users/ross/Workspace/repos/rossmacarthur/sheldon-benches/root SHELDON_CONFIG_DIR=/Users/ross/Workspace/repos/rossmacarthur/sheldon-benches/root SHELDON_DATA_DIR=/Users/ross/Workspace/repos/rossmacarthur/sheldon-benches/root target/rust-1.48.0/sheldon-0.5.4/release/sheldon source",
      "mean": 0.012035997437661695,
      "stddev": 0.0008954023645497205,
      "median": 0.01179445697,
      "user": 0.007412039900497515,
      "system": 0.003561181641791044,
      "min": 0.01066092297,
      "max": 0.01599841397,
      "times": [
        0.01172348297,
        0.012942895970000002,
        0.01179983597,
        0.011636504970000001,
        0.01330493397,
        0.01229325097,
        0.01156769097,
        0.01238016397,
        0.01227381997,
        0.01126821997,
        0.01227336597,
        0.013084618970000001,
        0.01177196097,
        0.01140739897,
        0.012992872970000001,
        0.01164296097,
        0.01169499497,
        0.01348964597,
        0.01227405697,
        0.01157380897,
        0.01275223997,
        0.012371289970000001,
        0.01184349097,
        0.01242599397,
        0.012783058970000002,
        0.01139497597,
        0.011764286970000001,
        0.01366852597,
        0.011798337970000001,
        0.01148884297,
        0.01305828797,
        0.012599876970000002,
        0.01201929397,
        0.01330122897,
        0.01245942897,
        0.01182839397,
        0.01248134097,
        0.012751867969999999,
        0.01151460697,
        0.01259745597,
        0.01320555997,
        0.011654799970000001,
        0.01211427397,
        0.013538853970000002,
        0.01182203697,
        0.01147797297,
        0.01321726797,
        0.01175108297,
        0.01155857297,
        0.011998915970000001,
        0.01259948397,
        0.01149182797,
        0.01215730097,
        0.01274330497,
        0.01112755597,
        0.01119819197,
        0.011857166970000001,
        0.01142209897,
        0.011589583970000001,
        0.01273576297,
        0.012778233970000002,
        0.01311019797,
        0.01364235097,
        0.01290667197,
        0.011807447970000001,
        0.013029164970000002,
        0.01241169597,
        0.01157737397,
        0.01232393897,
        0.012647854969999999,
        0.01173477297,
        0.01156329497,
        0.01399553397,
        0.012188917970000001,
        0.01169526997,
        0.01324519697,
        0.01375476597,
        0.01238076597,
        0.01452016597,
        0.01271921797,
        0.01367171697,
        0.01599841397,
        0.01256483997,
        0.01217617797,
        0.013420868970000001,
        0.01232148097,
        0.012046588970000001,
        0.012780824970000002,
        0.01206083897,
        0.01164848897,
        0.01312577197,
        0.012744012970000001,
        0.01184703797,
        0.012591636970000002,
        0.012803525970000002,
        0.011719530970000001,
        0.01180174797,
        0.01341215797,
        0.01189548497,
        0.01138652897,
        0.01275172697,
        0.012014161970000001,
        0.01158046197,
        0.012853678969999999,
        0.01256526897,
        0.011458008970000001,
        0.01318847597,
        0.012448000970000001,
        0.01159954597,
        0.01182418497,
        0.013701386970000002,
        0.01294203597,
        0.01217758197,
        0.01222580197,
        0.01127690497,
        0.011100969970000001,
        0.01177176597,
        0.01185639997,
        0.01121183397,
        0.01286871897,
        0.012631197969999999,
        0.01171838897,
        0.01182363497,
        0.013616212970000001,
        0.01158250297,
        0.01173121897,
        0.01387088397,
        0.01194516797,
        0.01150214697,
        0.01149160297,
        0.011919709970000001,
        0.01179445697,
        0.01163496397,
        0.01153460897,
        0.01138467497,
        0.01121640697,
        0.01141014197,
        0.01175771397,
        0.01142617997,
        0.01343522697,
        0.01337401297,
        0.01202548697,
        0.013564065969999999,
        0.015183874970000002,
        0.01160601197,
        0.012658864970000001,
        0.01384586297,
        0.011099143970000001,
        0.01144090897,
        0.01228109497,
        0.01118217597,
        0.01118830797,
        0.01162155197,
        0.01117081697,
        0.01107860897,
        0.011407761970000001,
        0.013379867969999999,
        0.01108366997,
        0.01107513597,
        0.011073947970000001,
        0.01101746897,
        0.010982613970000001,
        0.01135680597,
        0.01134680897,
        0.01110343397,
        0.01142007997,
        0.01113991097,
        0.01112684297,
        0.011373766970000001,
        0.01144004497,
        0.01131015397,
        0.01115354197,
        0.01142160997,
        0.01133048797,
        0.01104760597,
        0.01091346897,
        0.01160371097,
        0.01114678197,
        0.01114255297,
        0.01186087597,
        0.01148893397,
        0.01101164197,
        0.01113706997,
        0.011098550970000001,
        0.01105904997,
        0.01110288297,
        0.01103235397,
        0.01153907597,
        0.011517311970000001,
        0.01107791697,
        0.01110101197,
        0.010770365970000001,
        0.01109374597,
        0.011076953970000001,
        0.01081629797,
        0.011010653970000001,
        0.011053118970000001,
        0.01084561897,
        0.01066092297,
        0.01075175697,
        0.01095510597
      ]
    }
  ]
}
