{
  "results": [
    {
      "command": "SHELDON_ROOT=/Users/ross/Workspace/repos/rossmacarthur/sheldon-benches/root SHELDON_CONFIG_DIR=/Users/ross/Workspace/repos/rossmacarthur/sheldon-benches/root SHELDON_DATA_DIR=/Users/ross/Workspace/repos/rossmacarthur/sheldon-benches/root target/rust-1.47.0/sheldon-0.6.0/release/sheldon source",
      "mean": 0.009749065582142858,
      "stddev": 0.0006627749456424504,
      "median": 0.009609694125,
      "user": 0.006065330714285718,
      "system": 0.0026794021428571436,
      "min": 0.008936578625,
      "max": 0.015746724625,
      "times": [
        0.008936578625,
        0.009634831625000001,
        0.009508354625,
        0.009794389625,
        0.009492847625,
        0.009525755625,
        0.009481179625,
        0.009408833625,
        0.009467975625000001,
        0.009387638625,
        0.009140515625,
        0.009148676625000001,
        0.009472182625,
        0.009298131625,
        0.009190671625,
        0.009170029625000001,
        0.009145383625000001,
        0.009201723625,
        0.009388266625,
        0.009356377625,
        0.009221237625,
        0.009108233625,
        0.009109397625000001,
        0.009423729625,
        0.009741772625,
        0.009444452625,
        0.009475150625000001,
        0.009421693625,
        0.009223872625,
        0.009325481625000001,
        0.009412649625,
        0.009324529625000001,
        0.009315148625,
        0.009182308625,
        0.009123203625000001,
        0.009074760625,
        0.009210354625,
        0.009081506625000001,
        0.009343373625,
        0.009202601625000001,
        0.009138784625,
        0.009130551625,
        0.009198814625000001,
        0.009159420625000001,
        0.009232476625000001,
        0.009520127625000001,
        0.009517917625,
        0.009424650625000001,
        0.009393593625,
        0.010623634625000001,
        0.011346203625,
        0.010829112625000002,
        0.010522796625,
        0.010645478625000001,
        0.010459440625,
        0.010228974625000001,
        0.010132661625,
        0.010169520625000001,
        0.010103083625,
        0.009906739625000001,
        0.009942134625000001,
        0.009991522625,
        0.009547584625000001,
        0.009569252625,
        0.009385180625000001,
        0.009441598625,
        0.009315298625000001,
        0.009283334625,
        0.009275004625000001,
        0.009137196625,
        0.009173273625,
        0.009618491625000001,
        0.009849783625,
        0.009922442625000001,
        0.010075838625,
        0.009882956625000001,
        0.010048351625,
        0.009909857625,
        0.010030322625000001,
        0.010114312625,
        0.010228721625000001,
        0.010205365625,
        0.010063119625,
        0.010065266625000001,
        0.010161134625,
        0.009931705625,
        0.009328986625,
        0.009500357625,
        0.009423264625,
        0.009531300625000001,
        0.010070657625,
        0.009655842625000001,
        0.009704493625000001,
        0.009500850625000001,
        0.014226768625000002,
        0.011464953625000001,
        0.015746724625,
        0.011097405625,
        0.010685162625000001,
        0.010768020625000001,
        0.011677512625,
        0.011273399625000001,
        0.010769246625000001,
        0.010431953625,
        0.010493698625,
        0.010028531625,
        0.010208214625,
        0.009993273625,
        0.009780790625,
        0.009677269625,
        0.009414933625,
        0.009286609625000001,
        0.009325165625000001,
        0.009076731625,
        0.009946098625,
        0.009764532625,
        0.009436078625,
        0.009438422625,
        0.009839818625,
        0.009803275625,
        0.009944654625,
        0.009808707625000001,
        0.010061875625000001,
        0.010167962625,
        0.010082272625000001,
        0.010118703625000001,
        0.010301798625,
        0.010300585625,
        0.010180202625,
        0.010085443625000001,
        0.010127588625000001,
        0.010346064625,
        0.009859048625,
        0.009993409625000001,
        0.009829666625,
        0.009332641625,
        0.009444465625,
        0.009508710625000001,
        0.009431732625000001,
        0.009584829625000001,
        0.009491846625000001,
        0.009246558625,
        0.009326467625000001,
        0.009213689625,
        0.009387677625,
        0.009499403625000001,
        0.009403813625,
        0.009637103625,
        0.009775305625000001,
        0.009955672625,
        0.009877664625000001,
        0.009840301625,
        0.010112075625000001,
        0.010209214625,
        0.010151428625,
        0.010022499625,
        0.010096588625000001,
        0.010195804625,
        0.010382976625,
        0.010281808625000001,
        0.010068025625000001,
        0.009847242625,
        0.009462313625000001,
        0.009789992625,
        0.010100855625,
        0.009782889625000001,
        0.009327957625000001,
        0.009461770625000001,
        0.009295494625000001,
        0.009206620625,
        0.009481624625,
        0.009144571625,
        0.009193588625,
        0.009225955625,
        0.009261423625000001,
        0.009239061625000001,
        0.009359398625000001,
        0.009163499625,
        0.009379932625,
        0.009795773625,
        0.009795128625,
        0.010037217625,
        0.010286159625000001,
        0.010118661625,
        0.010118340625000001,
        0.010041230625000001,
        0.010040244625,
        0.009782236625000001,
        0.010046692625,
        0.010101347625000002,
        0.010012982625,
        0.010023869625000001,
        0.010146502625000001,
        0.010107305625,
        0.009771074625,
        0.009745722625000001,
        0.009511359625,
        0.009731537625,
        0.009527107625000001,
        0.009599584625000001,
        0.009458424625000001,
        0.009526741625000001,
        0.009617805625,
        0.009224280625000001,
        0.008985718625,
        0.009206640625,
        0.009037203625,
        0.009335738625000001,
        0.009167150625,
        0.009281492625,
        0.009166216625000001,
        0.009212455625000001,
        0.009171080625000001,
        0.010121550625000001,
        0.010231915625,
        0.009820519625000001,
        0.009642661625,
        0.009946475625000001,
        0.009949048625,
        0.009823635625,
        0.009791589625000001,
        0.009967629625,
        0.010005249625,
        0.010356658625000001,
        0.010574404625,
        0.010327705625000001,
        0.009875017625000001,
        0.010063510625000001,
        0.010143189625,
        0.009893850625,
        0.009466371625000001,
        0.009588495625,
        0.009347308625,
        0.009325985625,
        0.009215818625,
        0.009319814625,
        0.009141227625000001,
        0.009287042625,
        0.009784684625000001,
        0.009758627625,
        0.009422741625,
        0.009576658625000001,
        0.009601582625,
        0.009371902625000001,
        0.009465785625,
        0.009212893625000001,
        0.009238961625,
        0.009407430625000001,
        0.009171506625,
        0.009055356625,
        0.009229263625000001,
        0.009075664625,
        0.009225655625,
        0.009220158625,
        0.009516587625000001,
        0.009560940625,
        0.009379972625,
        0.009939993625,
        0.009763180625000001,
        0.009515123625,
        0.009417556625,
        0.009220335625000001,
        0.009274843625000001,
        0.009244673625,
        0.009053657625000001,
        0.008995611625,
        0.009486254625000001,
        0.009850996625,
        0.009877679625,
        0.009698231625000001,
        0.009625369625000001,
        0.009908466625,
        0.009866732625000001,
        0.010090097625,
        0.010850441625,
        0.011270999625,
        0.010597206625000001,
        0.010549274625,
        0.010474406625,
