{
  "results": [
    {
      "command": "SHELDON_ROOT=/Users/ross/Workspace/repos/rossmacarthur/sheldon-benches/root SHELDON_CONFIG_DIR=/Users/ross/Workspace/repos/rossmacarthur/sheldon-benches/root SHELDON_DATA_DIR=/Users/ross/Workspace/repos/rossmacarthur/sheldon-benches/root target/rust-1.48.0/sheldon-0.6.0/release/sheldon source",
      "mean": 0.010871948700492953,
      "stddev": 0.0008624082301833742,
      "median": 0.010761632785000001,
      "user": 0.00675646004694835,
      "system": 0.0029090222065727683,
      "min": 0.009838683785000002,
      "max": 0.020987687785,
      "times": [
        0.011781830785,
        0.011813506785000002,
        0.011786276785,
        0.011723857785000001,
        0.011772436785000001,
        0.011699792785000001,
        0.011721546785000002,
        0.011774505785000002,
        0.011857749785000002,
        0.011641747785000002,
        0.011802519785000002,
        0.011336197785000002,
        0.011192077785,
        0.011395523785000002,
        0.011281799785000001,
        0.011422182785000002,
        0.011164496785000002,
        0.011112669785000001,
        0.011401380785000002,
        0.011194580785000002,
        0.011527290785000002,
        0.011519114785000001,
        0.011393890785000001,
        0.011189154785000002,
        0.011502761785000001,
        0.011680634785000001,
        0.011231546785000001,
        0.011290622785000001,
        0.011393195785,
        0.011260035785000002,
        0.011535808785000002,
        0.011183662785000001,
        0.011199690785,
        0.020987687785,
        0.011239941785000002,
        0.011317328785000002,
        0.011293123785000001,
        0.011453775785000002,
        0.011333338785,
        0.011441720785000001,
        0.011448535785000002,
        0.011196639785000002,
        0.011367847785000001,
        0.011274525785000001,
        0.011278392785,
        0.011366832785000001,
        0.011361213785000001,
        0.011370382785,
        0.011422398785000001,
        0.011196344785000001,
        0.011784464785000002,
        0.011570750785000002,
        0.011442457785000002,
        0.011270808785000001,
        0.011362828785000001,
        0.011434605785000001,
        0.011195492785000002,
        0.011371196785,
        0.011332721785000001,
        0.011381226785000002,
        0.011353614785000002,
        0.011263568785000002,
        0.011333408785000002,
        0.011351341785000002,
        0.011299235785000002,
        0.011272769785000001,
        0.011296331785000002,
        0.011357582785000002,
        0.011222215785000001,
        0.011112385785000001,
        0.011425373785000002,
        0.011228615785000002,
        0.011376777785000002,
        0.011423890785000002,
        0.011271287785000002,
        0.011382309785000001,
        0.011474274785000002,
        0.010931294785000002,
        0.010927663785000001,
        0.010859306785000002,
        0.011005685785000002,
        0.010706247785000001,
        0.010948971785,
        0.011094499785000001,
        0.010999414785000002,
        0.011004175785000002,
        0.010906273785000002,
        0.010805631785000002,
        0.010914633785,
        0.011110461785000001,
        0.011031813785000002,
        0.010958741785000002,
        0.010987631785000002,
        0.010761632785000001,
        0.010864781785000001,
        0.011061956785000002,
        0.011018788785000002,
        0.011058372785000001,
        0.010977847785000001,
        0.010837996785000002,
        0.010942435785000001,
        0.010861620785000001,
        0.010772932785000001,
        0.010886577785000002,
        0.010941722785000002,
        0.011214070785000002,
        0.010758511785000001,
        0.010563886785000002,
        0.010600176785000002,
        0.010691431785000002,
        0.010580096785000001,
        0.010795179785000001,
        0.010610339785,
        0.010401652785000002,
        0.010615186785000001,
        0.010469416785000001,
        0.010523794785000002,
        0.010663836785000002,
        0.010598969785000002,
        0.010615224785000002,
        0.010459464785,
        0.010455078785000002,
        0.010456704785000001,
        0.010663670785,
        0.010609767785000002,
        0.010534776785000002,
        0.010383915785000001,
        0.010563534785000002,
        0.010483043785000002,
        0.010775110785000002,
        0.010569761785000001,
        0.010619411785000001,
        0.010587409785000002,
        0.010525160785000001,
        0.010737199785000002,
        0.010566480785000002,
        0.010606164785000002,
        0.010531706785,
        0.010603860785000002,
        0.010569171785000001,
        0.010496771785000001,
        0.010586027785000002,
        0.010505631785000002,
        0.010440617785000002,
        0.010736510785000002,
        0.010521857785000002,
        0.010543923785000001,
        0.010690366785000002,
        0.010430522785000002,
        0.010442239785000001,
        0.010602407785000002,
        0.010513860785,
        0.010389568785,
        0.010384050785000001,
        0.010368912785000002,
        0.010517539785000002,
        0.010744894785000002,
        0.010257077785,
        0.010279702785,
        0.010327175785000002,
        0.010403211785000002,
        0.010122712785000001,
        0.010251595785000001,
        0.010194789785000002,
        0.010247439785000001,
        0.010299329785000002,
        0.010275821785000002,
        0.010107394785000001,
        0.010236485785,
        0.010305442785000002,
        0.010264838785,
        0.010359869785000001,
        0.010228192785000001,
        0.010067328785000001,
        0.010126991785000001,
        0.010285118785000002,
        0.010344218785000001,
        0.010269591785000002,
        0.010207523785000002,
        0.010238307785000001,
        0.010128562785000001,
        0.010221566785000002,
        0.010186673785000001,
        0.010258795785000002,
        0.010289495785000002,
        0.010326275785000002,
        0.010153932785000002,
        0.010183592785,
        0.010213489785000002,
        0.010134839785000002,
        0.010112588785000001,
        0.010218812785000001,
        0.010116146785000002,
        0.010111170785000002,
        0.010113677785000002,
        0.010279182785000002,
        0.010154994785000001,
        0.010157826785,
        0.010339995785000002,
        0.010332142785000002,
        0.010317981785000001,
        0.010151735785000001,
        0.010229639785000001,
        0.010318932785000002,
        0.010143863785000002,
        0.010311059785000002,
        0.010444056785000001,
        0.010307343785,
        0.010217895785000002,
        0.010162194785000002,
        0.009882848785000002,
        0.009841241785000001,
        0.009838683785000002
      ]
    }
  ]
}
