{
  "results": [
    {
      "command": "SHELDON_ROOT=/Users/ross/Workspace/repos/rossmacarthur/sheldon-benches/root SHELDON_CONFIG_DIR=/Users/ross/Workspace/repos/rossmacarthur/sheldon-benches/root SHELDON_DATA_DIR=/Users/ross/Workspace/repos/rossmacarthur/sheldon-benches/root target/rust-1.46.0/sheldon-0.6.0/release/sheldon source",
      "mean": 0.009426662350037598,
      "stddev": 0.00047358836360680904,
      "median": 0.009295921835,
      "user": 0.005937359924812028,
      "system": 0.002508560300751879,
      "min": 0.008898591834999999,
      "max": 0.012089194834999999,
      "times": [
        0.009512607834999999,
        0.009927136835,
        0.009811383835,
        0.009305366835,
        0.009110906835,
        0.009391341834999999,
        0.009316698835,
        0.009422945835,
        0.009693495835,
        0.009503040834999999,
        0.009305397835,
        0.009444284835,
        0.009422731835,
        0.009422467835,
        0.009291671835,
        0.009123160835,
        0.009228351834999999,
        0.009221885834999999,
        0.009526263835,
        0.009313696835,
        0.009606415835,
        0.009234902835,
        0.009398028834999999,
        0.009561188835,
        0.009651310835,
        0.009390923835,
        0.009290447835,
        0.009174073835,
        0.009490840835,
        0.009341927835,
        0.009649454835,
        0.009670882835,
        0.009615944835,
        0.009611589835,
        0.009486873835,
        0.009488575834999999,
        0.009616847835,
        0.009368589835,
        0.009173865835,
        0.009389870835,
        0.009292554835,
        0.009173999835,
        0.009461284835,
        0.009446253835,
        0.009503177835,
        0.009805671835,
        0.010759801834999999,
        0.010119800835,
        0.009940548835,
        0.009836335835,
        0.009623081835,
        0.010019175835,
        0.009581661835,
        0.009399412834999999,
        0.009509603835,
        0.009639849835,
        0.009383940835,
        0.009260353835,
        0.009352160835,
        0.009194899835,
        0.009386030835,
        0.009265144835,
        0.009324188835,
        0.009382516835,
        0.009296874835,
        0.009320029835,
        0.009339598834999999,
        0.009236600834999999,
        0.009309016835,
        0.009148033835,
        0.009097135834999999,
        0.009142095834999999,
        0.009227736835,
        0.009303918835,
        0.009128413835,
        0.009163157835,
        0.009200184835,
        0.009078707835,
        0.009203515835,
        0.009386759835,
        0.009245602835,
        0.009596883835,
        0.009896948834999999,
        0.010256468835,
        0.010923057835,
        0.010828560834999999,
        0.010808517835,
        0.010269978835,
        0.009824668835,
        0.009586342834999999,
        0.009373091835,
        0.009764345835,
        0.009496872835,
        0.009162165835,
        0.009210654835,
        0.009238443835,
        0.009127494835,
        0.009166380835,
        0.009255479835,
        0.009244978834999999,
        0.009178362835,
        0.009200605835,
        0.009175451834999999,
        0.009394167835,
        0.009216390835,
        0.009192725835,
        0.009284544835,
        0.009174667834999999,
        0.009261129835,
        0.009196539835,
        0.009562091835,
        0.009311253835,
        0.009202142835,
        0.009135390835,
        0.009018971835,
        0.009216447834999999,
        0.009376924835,
        0.009231546835,
        0.009356834835,
        0.009228697834999999,
        0.009090931835,
        0.009456235835,
        0.009503522835,
        0.009400116835,
        0.009283791835,
        0.009201296835,
        0.009736630835,
        0.009644585835,
        0.009668249835,
        0.009283620834999999,
        0.009252749834999999,
        0.009201584835,
        0.009173927835,
        0.009267169835,
        0.009315039835,
        0.009191668835,
        0.009245671835,
        0.009272689835,
        0.009274894835,
        0.009330804835,
        0.009365162835,
        0.009206679835,
        0.009140079835,
        0.009135677835,
        0.009223282834999999,
        0.009459401834999999,
        0.009476846835,
        0.009496578835,
        0.009363633835,
        0.009128942834999999,
        0.009088086835,
        0.009006379835,
        0.009314597834999999,
        0.009276242835,
        0.009177797835,
        0.009378510835,
        0.009248436835,
        0.009261685835,
        0.009452366835,
        0.009137923834999999,
        0.009278465835,
        0.009223310835,
        0.009225967835,
        0.009294968835,
        0.009254414835,
        0.009161150835,
        0.009248750835,
        0.009268395835,
        0.009305330835,
        0.009491513835,
        0.009481103834999999,
        0.009353192835,
        0.009527601835,
        0.009525475835,
        0.009497062835,
        0.009356258834999999,
        0.009390777835,
        0.009283463835,
        0.009270469835,
        0.009292770835,
        0.009199178835,
        0.009345673835,
        0.009195583835,
        0.009116899835,
        0.009312723835,
        0.009328297834999999,
        0.008993937835,
        0.009312681835,
        0.010048678835,
        0.011238691835,
        0.011378535835,
        0.012013672835,
        0.010654945835,
        0.010123645835,
        0.011454044835,
        0.012089194834999999,
        0.011686185835,
        0.010892786835,
        0.010382915835,
        0.009918136834999999,
        0.009866157835,
        0.009439439834999999,
        0.009528105835,
        0.009223657835,
        0.009039080835,
        0.008947221835,
        0.009075491835,
        0.009070166834999999,
        0.009016541835,
        0.009304027835,
        0.008907212834999999,
        0.008928655835,
        0.009341224835,
        0.009285436834999999,
        0.009444705834999999,
        0.009023423834999999,
        0.009014841834999999,
        0.009301931834999999,
        0.008993900834999999,
        0.009341064835,
        0.009238294834999999,
        0.009259986835,
        0.009317113835,
        0.009860707835,
        0.009603028835,
        0.009529988835,
        0.009542259834999999,
        0.009223702835,
        0.009183319835,
        0.009285599835,
        0.009090697835,
        0.009375989835,
        0.009241165834999999,
        0.009177147835,
        0.009299951835,
        0.009243183835,
        0.009245834835,
        0.009327738835,
        0.009276987835,
        0.009145621835,
        0.009259810835,
        0.009225599834999999,
        0.009165179835,
        0.009075302835,
        0.009225996835,
        0.009080963834999999,
        0.009133650835,
        0.009071831835,
        0.009260014835,
        0.008943891835,
        0.009504251835,
        0.009073271834999999,
        0.009235421835,
        0.008930647835,
        0.008912183835,
        0.009025785835,
        0.008941372835,
        0.009207172835,
        0.009270309834999999,
        0.009108988835,
        0.008898591834999999,
        0.009455880835,
        0.009092955835,
        0.009050606834999999,
        0.009205615835,
        0.010083439835
      ]
    }
  ]
}
