{
  "results": [
    {
      "command": "SHELDON_ROOT=/Users/ross/Workspace/repos/rossmacarthur/sheldon-benches/root SHELDON_CONFIG_DIR=/Users/ross/Workspace/repos/rossmacarthur/sheldon-benches/root SHELDON_DATA_DIR=/Users/ross/Workspace/repos/rossmacarthur/sheldon-benches/root target/rust-1.45.2/sheldon-0.5.3/release/sheldon source",
      "mean": 0.009524419643968246,
      "stddev": 0.0006012486847342426,
      "median": 0.00945975839,
      "user": 0.005805100634920635,
      "system": 0.0026824308730158722,
      "min": 0.00847922589,
      "max": 0.013831379889999999,
      "times": [
        0.00971624989,
        0.009935940889999998,
        0.01029747189,
        0.00964554989,
        0.00973129789,
        0.00946016089,
        0.009521956889999999,
        0.009929870889999998,
        0.00969915889,
        0.00947334389,
        0.009814065889999998,
        0.010058430889999997,
        0.010085323889999998,
        0.00958908989,
        0.009765445889999998,
        0.00964959889,
        0.009280921889999998,
        0.009268787889999998,
        0.009837378889999998,
        0.009656502889999998,
        0.00944085289,
        0.00922469489,
        0.00920345489,
        0.00889374489,
        0.01186981489,
        0.012311432889999998,
        0.01031433189,
        0.00996097189,
        0.00942575289,
        0.009283741889999999,
        0.009813537889999998,
        0.009441784889999999,
        0.00956547889,
        0.009063336889999999,
        0.009075690889999998,
        0.009376688889999998,
        0.010136063889999998,
        0.010303500889999997,
        0.009879129889999998,
        0.009694171889999999,
        0.009166666889999998,
        0.00969478289,
        0.009776789889999998,
        0.009878582889999998,
        0.009632206889999998,
        0.009512670889999998,
        0.009110399889999999,
        0.009004820889999997,
        0.009378323889999998,
        0.00947760189,
        0.00928614489,
        0.00918026889,
        0.009686637889999999,
        0.009655540889999998,
        0.010052100889999999,
        0.009930312889999997,
        0.01004820289,
        0.00986171889,
        0.00999231989,
        0.010589322889999999,
        0.01053669489,
        0.010153878889999999,
        0.00980576389,
        0.00919578489,
        0.00962378689,
        0.009742020889999998,
        0.01051396089,
        0.00978404989,
        0.00969163989,
        0.00971091089,
        0.009889735889999998,
        0.010034349889999999,
        0.01003491289,
        0.009807307889999999,
        0.009820557889999998,
        0.00920386989,
        0.00929302089,
        0.008970543889999998,
        0.00998530589,
        0.01029534389,
        0.010169382889999998,
        0.00972613689,
        0.00968758489,
        0.00946579489,
        0.00973797689,
        0.009827946889999998,
        0.010025674889999999,
        0.00988610089,
        0.009239066889999998,
        0.00935132189,
        0.009667693889999999,
        0.00996061689,
        0.01009556389,
        0.00980362689,
        0.009634441889999998,
        0.00927069589,
        0.009719772889999999,
        0.009511900889999998,
        0.009351949889999999,
        0.009258602889999999,
        0.009239217889999998,
        0.009076454889999998,
        0.013831379889999999,
        0.010878656889999998,
        0.01016981589,
        0.00988304189,
        0.00961822989,
        0.00948678189,
        0.00974910389,
        0.009468139889999998,
        0.009533010889999999,
        0.00929552689,
        0.00899055289,
        0.00854914289,
        0.009236350889999998,
        0.009611055889999998,
        0.00956080989,
        0.009169889889999998,
        0.009183895889999998,
        0.00932183889,
        0.01034146189,
        0.01026915389,
        0.00984612289,
        0.00937288789,
        0.009223497889999998,
        0.009133062889999998,
        0.00951368889,
        0.00965415789,
        0.009243370889999998,
        0.009210926889999999,
        0.009047642889999999,
        0.00878684289,
        0.009429142889999999,
        0.00963953189,
        0.009166151889999998,
        0.00913091589,
        0.00921791789,
        0.009054895889999998,
        0.00964622389,
        0.009449807889999998,
        0.00946897989,
        0.009403659889999999,
        0.00889309889,
        0.008715136889999999,
        0.009441292889999998,
        0.009172433889999998,
        0.009296370889999999,
        0.009490445889999997,
        0.00920437189,
        0.009021626889999999,
        0.00954628889,
        0.009252023889999999,
        0.00934328589,
        0.00917442789,
        0.009145270889999998,
        0.008914357889999999,
        0.00990761389,
        0.009794190889999999,
        0.00925699989,
        0.009357396889999998,
        0.00925530989,
        0.008544425889999999,
        0.009492856889999998,
        0.009747108889999998,
        0.00945935589,
        0.009576661889999998,
        0.00898083689,
        0.00875122889,
        0.009416474889999998,
        0.00952641089,
        0.00943240189,
        0.009021167889999997,
        0.009398751889999998,
        0.00900090189,
        0.013139133889999998,
        0.01126856989,
        0.010734058889999998,
        0.009560985889999998,
        0.00941672389,
        0.009320398889999998,
        0.00969750489,
        0.00973858389,
        0.009546516889999999,
        0.00933208089,
        0.00926910089,
        0.008801439889999998,
        0.00968412989,
        0.00959656189,
        0.009215621889999998,
        0.009022531889999998,
        0.008687531889999999,
        0.008513710889999998,
        0.009510482889999998,
        0.009569674889999998,
        0.00907787689,
        0.009040035889999999,
        0.00896749589,
        0.00847922589,
        0.009008188889999998,
        0.00938739089,
        0.009149897889999998,
        0.008903962889999999,
        0.009157476889999999,
        0.009685577889999998,
        0.009754911889999999,
        0.009848222889999998,
        0.009710962889999997,
        0.00955204989,
        0.00972059589,
        0.00925488889,
        0.009770799889999997,
        0.009298415889999998,
        0.009354356889999998,
        0.00945014889,
        0.00910846589,
        0.008829287889999999,
        0.009477611889999998,
        0.00946852389,
        0.009438030889999997,
        0.009285562889999998,
        0.00902633089,
        0.00889996489,
        0.009564919889999999,
        0.00950397989,
        0.009242440889999998,
        0.008962034889999998,
        0.008915332889999999,
        0.008915840889999999,
        0.00942368189,
        0.009435958889999999,
        0.009632767889999998,
        0.00935856689,
        0.00910261289,
        0.00889518189,
        0.00969958089,
        0.009524562889999998,
        0.009272235889999998,
        0.008968663889999999,
        0.009022378889999998,
        0.00890630089,
        0.009701805889999998,
        0.009208667889999998,
        0.009160441889999999,
        0.009059184889999999,
        0.00904242689,
        0.00861951289,
        0.009439268889999998,
        0.009309231889999998,
        0.00905858989,
        0.00909693889,
        0.008965164889999998,
        0.00868495189
      ]
    }
  ]
}
