{
  "results": [
    {
      "command": "SHELDON_ROOT=/Users/ross/Workspace/repos/rossmacarthur/sheldon-benches/root SHELDON_CONFIG_DIR=/Users/ross/Workspace/repos/rossmacarthur/sheldon-benches/root SHELDON_DATA_DIR=/Users/ross/Workspace/repos/rossmacarthur/sheldon-benches/root target/rust-1.45.2/sheldon-0.5.4/release/sheldon source",
      "mean": 0.013447470858579887,
      "stddev": 0.0008891163300825472,
      "median": 0.013326183900000002,
      "user": 0.00840505408284024,
      "system": 0.003778604526627218,
      "min": 0.012345539900000002,
      "max": 0.018929293900000005,
      "times": [
        0.014156845900000001,
        0.014262444900000002,
        0.013501958900000001,
        0.013882493900000003,
        0.013821808900000001,
        0.013803081900000002,
        0.014590206900000001,
        0.0141160929,
        0.014141655900000003,
        0.014050485900000001,
        0.0140832799,
        0.013709143900000003,
        0.013857372900000003,
        0.014548966900000003,
        0.014396646900000002,
        0.013225630900000002,
        0.013517279900000003,
        0.013084447900000002,
        0.013482493900000002,
        0.013299179900000001,
        0.013285071900000002,
        0.013223252900000001,
        0.013838026900000003,
        0.013515796900000003,
        0.013319545900000002,
        0.0132258179,
        0.013800198900000003,
        0.0133808949,
        0.0134597559,
        0.013213483900000001,
        0.0137912979,
        0.013798940900000002,
        0.013353064900000001,
        0.013692009900000001,
        0.013792131900000002,
        0.013196562900000002,
        0.013357954900000002,
        0.0133234899,
        0.013538131900000002,
        0.0134864709,
        0.0134518979,
        0.013337685900000002,
        0.013464160900000003,
        0.013223697900000003,
        0.013174505900000003,
        0.0134261459,
        0.013367654900000003,
        0.013543264900000003,
        0.013506981900000001,
        0.013355608900000001,
        0.013343365900000003,
        0.013068712900000003,
        0.013480536900000001,
        0.013739638900000002,
        0.0133450249,
        0.013662010900000002,
        0.0146260529,
        0.013481413900000001,
        0.013422838900000003,
        0.0132215399,
        0.013513839900000003,
        0.0133472189,
        0.013368620900000001,
        0.013703606900000003,
        0.013749731900000001,
        0.013209538900000003,
        0.0133724119,
        0.0131985489,
        0.013271976900000001,
        0.013043100900000002,
        0.013162101900000002,
        0.013299607900000001,
        0.014051039900000001,
        0.013662400900000001,
        0.013320928900000003,
        0.013452740900000001,
        0.013054997900000002,
        0.0128605469,
        0.012671130900000003,
        0.0125200779,
        0.012523913900000001,
        0.012901396900000002,
        0.012397969900000002,
        0.012720542900000001,
        0.012508130900000003,
        0.013713958900000002,
        0.013326183900000002,
        0.012690624900000001,
        0.012686054900000002,
        0.013506810900000001,
        0.0129956909,
        0.0130349429,
        0.012785313900000003,
        0.012772126900000002,
        0.012626607900000001,
        0.012900458900000003,
        0.0126399309,
        0.0124907729,
        0.013227034900000002,
        0.012710503900000001,
        0.012577339900000003,
        0.012688418900000003,
        0.012657032900000002,
        0.012869788900000003,
        0.012649031900000001,
        0.0127071579,
        0.012789621900000001,
        0.013193478900000001,
        0.013287488900000003,
        0.012752325900000002,
        0.012627032900000003,
        0.012504994900000002,
        0.012998029900000001,
        0.0130489699,
        0.012745330900000003,
        0.0128027919,
        0.013507212900000001,
        0.012563565900000002,
        0.0127315529,
        0.0129335009,
        0.012631767900000002,
        0.012626719900000001,
        0.012746788900000002,
        0.0126502009,
        0.013255569900000002,
        0.0130520209,
        0.012993827900000003,
        0.012345539900000002,
        0.0127501729,
        0.013137628900000002,
        0.013352671900000003,
        0.013351440900000002,
        0.013586026900000001,
        0.013576229900000002,
        0.013660836900000002,
        0.013639454900000002,
        0.0138015359,
        0.0130597399,
        0.0130696929,
        0.012939246900000001,
        0.013121807900000003,
        0.013493363900000001,
        0.0133579509,
        0.013614386900000002,
        0.0140609739,
        0.013588450900000002,
        0.013673030900000003,
        0.012874290900000003,
        0.0130116829,
        0.0134788369,
        0.013617306900000003,
        0.012835298900000002,
        0.013144305900000002,
        0.0131813389,
        0.012957405900000002,
        0.0131055119,
        0.0132840469,
        0.013083157900000001,
        0.0136740969,
        0.014230852900000002,
        0.0138041249,
        0.018929293900000005,
        0.016942873900000002,
        0.016520682900000003,
        0.015475411900000001,
        0.017031764900000003,
        0.016171130900000004,
        0.014795842900000003,
        0.017342261900000003
      ]
    }
  ]
}
