{
  "results": [
    {
      "command": "SHELDON_ROOT=/Users/ross/Workspace/repos/rossmacarthur/sheldon-benches/root SHELDON_CONFIG_DIR=/Users/ross/Workspace/repos/rossmacarthur/sheldon-benches/root SHELDON_DATA_DIR=/Users/ross/Workspace/repos/rossmacarthur/sheldon-benches/root target/rust-1.47.0/sheldon-0.5.3/release/sheldon source",
      "mean": 0.009773808167580642,
      "stddev": 0.0007784228267796342,
      "median": 0.00965280872,
      "user": 0.005889896290322582,
      "system": 0.0028234449999999986,
      "min": 0.008819823220000002,
      "max": 0.01719762222,
      "times": [
        0.009874778220000002,
        0.01022546622,
        0.00976356522,
        0.00969839522,
        0.009913265220000002,
        0.010346996220000002,
        0.01027448022,
        0.010414098220000001,
        0.00992933222,
        0.009538125219999999,
        0.00970677222,
        0.00952178922,
        0.010123863220000001,
        0.00981438522,
        0.00991793622,
        0.01044189022,
        0.00979909322,
        0.009724507220000001,
        0.010243985220000001,
        0.01004024622,
        0.00999370322,
        0.009737503219999999,
        0.009719833220000001,
        0.00930188622,
        0.011676135220000002,
        0.01302544822,
        0.01122601622,
        0.01022471322,
        0.00969141422,
        0.01018562822,
        0.01015776622,
        0.00977126822,
        0.00966516022,
        0.00916185122,
        0.009312402220000002,
        0.00989063222,
        0.009718527220000002,
        0.009553556219999999,
        0.009626927220000001,
        0.009151860219999999,
        0.009290643220000002,
        0.010501110220000002,
        0.01013741022,
        0.009696359219999999,
        0.009469719219999999,
        0.00933698522,
        0.009327958220000002,
        0.009772635219999999,
        0.00985670022,
        0.009730859219999999,
        0.00932908922,
        0.00938883422,
        0.00948518022,
        0.009686263220000001,
        0.00986601422,
        0.009640457219999999,
        0.009588202220000001,
        0.00937717222,
        0.009222455220000002,
        0.00988727722,
        0.00990133722,
        0.00987252622,
        0.009532647219999999,
        0.009298908219999999,
        0.00919478622,
        0.00989434322,
        0.00988603122,
        0.009722543220000001,
        0.00994456422,
        0.009943486219999999,
        0.009449094219999999,
        0.010083133220000002,
        0.010126248220000002,
        0.009414248220000001,
        0.009571307220000002,
        0.00936605922,
        0.00922547122,
        0.009862082220000002,
        0.00967005822,
        0.00938439722,
        0.009132707220000001,
        0.009099407220000001,
        0.009097581220000001,
        0.009811797220000001,
        0.00931494822,
        0.00925554822,
        0.00927968422,
        0.009237252219999999,
        0.009405230220000001,
        0.010130777220000001,
        0.009865042220000002,
        0.00946003422,
        0.009199859220000002,
        0.00917275222,
        0.009536888220000001,
        0.010110454219999999,
        0.01049522022,
        0.01025069022,
        0.010436443220000001,
        0.01016493822,
        0.01036207522,
        0.01103405122,
        0.01344172422,
        0.01719762222,
        0.013046859220000002,
        0.01216694422,
        0.010715788220000001,
        0.010912059219999999,
        0.011050204220000002,
        0.01013320022,
        0.009918039220000001,
        0.009671801220000002,
        0.010057375220000001,
        0.009915276220000002,
        0.009415731220000001,
        0.009301553220000001,
        0.009244952220000002,
        0.009227160219999999,
        0.00981529322,
        0.009761602220000002,
        0.009618040219999999,
        0.010228619219999999,
        0.009789669220000002,
        0.00936622622,
        0.010093950220000002,
        0.00983559422,
        0.00950504622,
        0.009310413220000001,
        0.009187855219999999,
        0.009022595219999999,
        0.00971770122,
        0.009527414219999999,
        0.009553563220000002,
        0.00909002322,
        0.009036688220000002,
        0.00932610822,
        0.01014412122,
        0.00952212522,
        0.00941600422,
        0.00931962322,
        0.00915562822,
        0.00903740322,
        0.00972203222,
        0.009517679220000002,
        0.00944868222,
        0.009373167219999999,
        0.009061256220000001,
        0.00919762322,
        0.00993987922,
        0.009907689220000002,
        0.009453749220000002,
        0.00944020722,
        0.00915468022,
        0.008819823220000002,
        0.00982895722,
        0.009666916220000002,
        0.00935635022,
        0.00910965222,
        0.00903673022,
        0.009097982220000002,
        0.00943520922,
        0.00957313622,
        0.009693473220000002,
        0.00916095922,
        0.009060404220000002,
        0.00889580622,
        0.009740760220000002,
        0.00954095122,
        0.00960042422,
        0.009250764219999999,
        0.00898119222,
        0.009615284219999999,
        0.00997434622,
        0.009961772220000002,
        0.00957888322,
        0.009310465220000001,
        0.009488063219999999,
        0.00991377022,
        0.01017687922,
        0.00984561322,
        0.00929516922,
        0.009362313220000001,
        0.009377300219999999,
        0.008874498219999999,
        0.009475509220000001,
        0.00987650722,
        0.009382153220000002,
        0.00954050322,
        0.009607186220000001,
        0.00937856322,
        0.00996818122,
        0.009423660220000001,
        0.00936715322,
        0.00949779722,
        0.009145308219999999,
        0.00932468522,
        0.009613817220000001,
        0.009822041220000001,
        0.00935157122,
        0.009180051219999999,
        0.00900977322,
        0.00896391722,
        0.01003155822,
        0.009989436220000002,
        0.01059651822,
        0.01062737322,
        0.01083325122,
        0.01096430922,
        0.010953001220000001,
        0.01027444022,
        0.009994477219999999,
        0.009388835219999999,
        0.00933462022,
        0.00895321622,
        0.009567028219999999,
        0.00982100222,
        0.009502290220000001,
        0.00993167122,
        0.00993430722,
        0.009354067220000001,
        0.00968761022,
        0.00969781322,
        0.00967185122,
        0.00949885022,
        0.009237503220000002,
        0.00950001722,
        0.009628707220000001,
        0.009992691219999999,
        0.01040602522,
        0.00981971122,
        0.00961197522,
        0.01004989122,
        0.010226259219999999,
        0.010377994219999999,
        0.01049647922,
        0.01027273922,
        0.01009765622,
        0.009986819220000002,
        0.010054861219999999,
        0.009978817220000002,
        0.009584597220000001,
        0.00947614322,
        0.009318506220000002,
        0.009051881219999999,
        0.009559613219999999,
        0.00954884122,
        0.009419486220000002,
        0.00914002622
      ]
    }
  ]
}
