{
  "results": [
    {
      "command": "SHELDON_ROOT=/Users/ross/Workspace/repos/rossmacarthur/sheldon-benches/root SHELDON_CONFIG_DIR=/Users/ross/Workspace/repos/rossmacarthur/sheldon-benches/root SHELDON_DATA_DIR=/Users/ross/Workspace/repos/rossmacarthur/sheldon-benches/root target/rust-1.46.0/sheldon-0.5.4/release/sheldon source",
      "mean": 0.013664596832096766,
      "stddev": 0.0022084703543880993,
      "median": 0.012796787445000003,
      "user": 0.008347332956989247,
      "system": 0.004141336666666664,
      "min": 0.011637661945,
      "max": 0.030851625945000002,
      "times": [
        0.012528558945000002,
        0.012432717945000003,
        0.012881916945,
        0.013229707945,
        0.012978174945000002,
        0.012718697945000001,
        0.012918777945000003,
        0.013160700945000001,
        0.012144214945,
        0.012406958945000003,
        0.012708870945,
        0.012272735945,
        0.013030039945,
        0.012229389945,
        0.011796906945000001,
        0.012259759945000002,
        0.012718117945000001,
        0.012020790945000002,
        0.012161167945,
        0.012650929945000002,
        0.012188294945000002,
        0.012222969945,
        0.012278820945000003,
        0.011972056945000002,
        0.012087267945000002,
        0.012635609945000003,
        0.011723473945000002,
        0.012044048945000002,
        0.013302227945,
        0.012587487945000001,
        0.012042364945000002,
        0.012508634945000001,
        0.012191400945000002,
        0.011886953945,
        0.012313063945000003,
        0.012197926945000001,
        0.012135151945,
        0.013796810945000003,
        0.013058871945,
        0.012057006945000002,
        0.012313230945000002,
        0.012672291945000002,
        0.012031121945,
        0.013638655945000003,
        0.014600831945000002,
        0.013162420945000001,
        0.013151705945,
        0.012808990945000003,
        0.012487550945,
        0.012705193945,
        0.013287378945000003,
        0.012507460945000002,
        0.013307161945000002,
        0.013783117945000001,
        0.013969224945000002,
        0.013485926945000002,
        0.013092309945,
        0.011974529945000001,
        0.012135305945000003,
        0.012290521945000002,
        0.011911884945000001,
        0.012700417945000002,
        0.013875872945000001,
        0.012417972945000003,
        0.012296338945,
        0.013272971945000002,
        0.012211585945,
        0.012462498945000003,
        0.012581395945000002,
        0.012460040945000002,
        0.012128467945,
        0.012471650945000001,
        0.012263350945000003,
        0.012271916945000001,
        0.013636449945000002,
        0.011989799945,
        0.012129577945000003,
        0.012610990945000003,
        0.012502255945,
        0.013601842945000003,
        0.013175387945,
        0.012718640945,
        0.012139407945000001,
        0.013599447945,
        0.012357944945000003,
        0.012956662945,
        0.016391377945,
        0.013737127945000002,
        0.015113582945,
        0.016966924945000003,
        0.014904524945000002,
        0.016852678945000005,
        0.014621816945000003,
        0.017920543945,
        0.020960339945000003,
        0.017273549945,
        0.016587072945000003,
        0.013626306945000001,
        0.018256013945000003,
        0.030851625945000002,
        0.017210223945,
        0.016062219945000004,
        0.017796748945000003,
        0.013936064945000002,
        0.012716022945,
        0.013157482945000002,
        0.013459176945,
        0.013404990945000002,
        0.014837805945000003,
        0.016212403945000002,
        0.014854134945000002,
        0.017815901945000004,
        0.017296809945000005,
        0.014462984945000002,
        0.015516759945000002,
        0.014971766945000001,
        0.015502628945000001,
        0.015626975945000003,
        0.015807754945000002,
        0.013742059945000001,
        0.014693028945,
        0.017088638945000005,
        0.017877625945000003,
        0.017061654945000004,
        0.014359864945,
        0.014343626945000002,
        0.014980258945,
        0.014769476945,
        0.017405254945000004,
        0.015739898945000004,
        0.013592145945,
        0.014124467945000002,
        0.014640933945000002,
        0.014202259945000002,
        0.016977739945,
        0.015850780945000004,
        0.015241065945000002,
        0.016863519945000002,
        0.014992684945000003,
        0.017693735945000004,
        0.019857250945000002,
        0.017900138945000005,
        0.016319676945,
        0.014242564945000003,
        0.013455503945,
        0.013332838945,
        0.013502071945000001,
        0.012355246945,
        0.012082343945000002,
        0.011852303945000002,
        0.011842360945000002,
        0.011644814945000002,
        0.011637661945,
        0.011837650945000002,
        0.012471444945000002,
        0.011905695945000001,
        0.012337471945000003,
        0.012087290945,
        0.012426782945000001,
        0.011991307945000002,
        0.012372850945000001,
        0.012304081945000002,
        0.012270047945000003,
        0.012326786945000003,
        0.011724409945000002,
        0.012031237945000002,
        0.013119855945,
        0.012117475945000003,
        0.012378469945,
        0.012230718945000002,
        0.012547904945000002,
        0.012736643945000002,
        0.012563334945000003,
        0.012902621945000003,
        0.012420628945000003,
        0.012784583945000002,
        0.012535575945,
        0.012462618945000002,
        0.012768867945,
        0.014255260945000002,
        0.012781329945000001,
        0.012473972945,
        0.012585627945000002,
        0.013096549945000003,
        0.013145945945000003,
        0.014012807945000002
      ]
    }
  ]
}
