{
  "results": [
    {
      "command": "SHELDON_ROOT=/Users/ross/Workspace/repos/rossmacarthur/sheldon-benches/root SHELDON_CONFIG_DIR=/Users/ross/Workspace/repos/rossmacarthur/sheldon-benches/root SHELDON_DATA_DIR=/Users/ross/Workspace/repos/rossmacarthur/sheldon-benches/root target/rust-1.49.0/sheldon-0.5.3/release/sheldon source",
      "mean": 0.01413599760563291,
      "stddev": 0.00048004851121931694,
      "median": 0.014118719555,
      "user": 0.008523252974683542,
      "system": 0.00435630917721519,
      "min": 0.012993522555,
      "max": 0.015582077554999999,
      "times": [
        0.015159760555,
        0.014952348555,
        0.015003588555,
        0.014946256555,
        0.014835292554999999,
        0.015156081555000001,
        0.015582077554999999,
        0.014910327555,
        0.014931472555,
        0.014708165554999998,
        0.015490502554999999,
        0.015212798554999999,
        0.014961725554999998,
        0.014900971554999998,
        0.013935273555,
        0.013908145555,
        0.014205753555,
        0.014722370554999998,
        0.014466513555,
        0.014031646555,
        0.014904982555,
        0.014103610554999998,
        0.014214634555,
        0.014146537555,
        0.014072989555,
        0.014125082555,
        0.014315691554999998,
        0.014204065555000001,
        0.014040321555,
        0.013964118555,
        0.013748225554999998,
        0.014235183554999998,
        0.014237423554999998,
        0.014106120554999999,
        0.014256056554999999,
        0.014372257554999998,
        0.014780224555,
        0.014112102555,
        0.014397993555,
        0.014328408555,
        0.014350670554999998,
        0.014536144555,
        0.014438199554999998,
        0.014084250554999999,
        0.013717911554999998,
        0.014177905555,
        0.013890080554999998,
        0.014297627555,
        0.014098071555,
        0.014283502554999999,
        0.014142087555,
        0.014552123555,
        0.014323157554999999,
        0.014024318555,
        0.014154982554999999,
        0.014155727554999999,
        0.014296705554999999,
        0.014330619554999998,
        0.014416926554999999,
        0.013984156555,
        0.013806054555,
        0.014177199555,
        0.013830496555,
        0.014306859555,
        0.014112822555,
        0.014257908554999999,
        0.014065321554999998,
        0.014432755554999998,
        0.014717859554999999,
        0.014321087554999999,
        0.014225532554999998,
        0.014344824554999998,
        0.014721288554999998,
        0.015557252555,
        0.014109883555,
        0.013893119554999998,
        0.014322639555,
        0.014020236554999998,
        0.013993754555,
        0.014083868554999998,
        0.014351899555,
        0.014208103554999999,
        0.013830505554999999,
        0.014338005555,
        0.014385004554999999,
        0.014350695555,
        0.013916606555,
        0.013964336555,
        0.014120351554999999,
        0.014256022555,
        0.013254379555,
        0.013362876554999998,
        0.013381475555,
        0.013477267555,
        0.014169697554999998,
        0.013788905555,
        0.013489725555,
        0.014710829555,
        0.013734236555,
        0.014340954554999999,
        0.013740716554999999,
        0.014117087555,
        0.014416891555,
        0.013911161555,
        0.013447601554999999,
        0.013618054555,
        0.013487638554999999,
        0.013638349555,
        0.013914991555,
        0.013514475555,
        0.013577399555,
        0.013524357555,
        0.013930898555,
        0.013959840555,
        0.013466544555,
        0.014060921555,
        0.013827382554999998,
        0.014102873554999997,
        0.013926916555,
        0.013327202554999999,
        0.013546933555,
        0.013749012555,
        0.014017523555,
        0.013733922554999998,
        0.013729512554999998,
        0.014048384555,
        0.013648832554999999,
        0.013782749555,
        0.013959761555,
        0.014563379555,
        0.014206413555,
        0.014746711554999998,
        0.014407534554999999,
        0.014276957554999999,
        0.014398126555,
        0.014515056555000001,
        0.014579458554999999,
        0.014661991554999998,
        0.014286116555,
        0.013452772555,
        0.013793189555,
        0.013687974554999998,
        0.013759381555,
        0.013698292555,
        0.014133457554999998,
        0.014097047555,
        0.013676522554999999,
        0.013930013555,
        0.013518217554999998,
        0.013492411554999998,
        0.014262957554999999,
        0.014158664555,
        0.013750055555,
        0.013343314554999998,
        0.013445100555,
        0.013046927554999999,
        0.013203191554999999,
        0.012993522555
      ]
    }
  ]
}
